run,mu_verified,mu_total,single_xp,single_xxp,joint_aes,joint_rand,elapsed_sec,mu_nontrivial,half_aes,half_rand,trials,seed_mode,seed,dx
1,1073741824,1073741824,65601,65680,4,0,539,197077,4,2,1073741824,run,20261002,CEC632A2DD36BEC7
2,1073741824,1073741824,65785,66025,2,0,551,197090,2,4,1073741824,run,20261002,22426D21D1F151D4
3,1073741824,1073741824,65782,65884,4,0,546,197539,4,3,1073741824,run,20261002,8579C6E42BEF27C9
4,1073741824,1073741824,65258,65294,3,0,526,195941,3,3,1073741824,run,20261002,3D7CABBE288B989D
5,1073741824,1073741824,65813,65219,2,0,537,196463,2,2,1073741824,run,20261002,759E5CD1333B5CE7
6,1073741824,1073741824,65045,64836,2,0,530,195689,2,0,1073741824,run,20261002,2E955AEADA878632
7,1073741824,1073741824,65441,65581,5,0,532,196837,5,2,1073741824,run,20261002,33E464A81CD3EF16
8,1073741824,1073741824,65673,65500,4,0,555,196963,4,3,1073741824,run,20261002,9E8B7951D7D494EA
9,1073741824,1073741824,65140,65688,1,0,551,196228,1,3,1073741824,run,20261002,DC336CA55AD2CE99
10,1073741824,1073741824,65492,65741,4,0,528,196398,4,1,1073741824,run,20261002,4637F23E3731AC99
11,1073741824,1073741824,65293,65739,3,0,537,195997,3,1,1073741824,run,20261002,43F1C5636CE31A92
12,1073741824,1073741824,65705,65285,2,0,526,196054,2,1,1073741824,run,20261002,F2155FE65AF4D4A7
13,1073741824,1073741824,64798,65518,5,0,545,195827,5,7,1073741824,run,20261002,A3C331828C7CC895
14,1073741824,1073741824,65642,65240,3,0,552,197046,3,5,1073741824,run,20261002,CA4A983A89C55B26
15,1073741824,1073741824,66278,65239,1,0,549,197224,1,5,1073741824,run,20261002,24215EE88BC89FC4
16,1073741824,1073741824,65550,65344,1,0,526,196661,1,2,1073741824,run,20261002,6A11A196BBC49D93
17,1073741824,1073741824,66357,65966,5,0,537,197658,5,3,1073741824,run,20261002,5B55F5FCF4475266
18,1073741824,1073741824,65299,65777,6,0,527,196399,6,4,1073741824,run,20261002,7824C2E79F2DBEF9
19,1073741824,1073741824,65443,65464,4,0,542,196340,4,6,1073741824,run,20261002,6714A8F5E993EA2E
20,1073741824,1073741824,65436,65549,1,0,552,196850,1,4,1073741824,run,20261002,6DE56F4F91E3C2EF
21,1073741824,1073741824,65367,65529,1,0,547,196216,1,1,1073741824,run,20261002,BCDAE5EDC68CA523
22,1073741824,1073741824,65283,65865,2,0,529,196351,2,2,1073741824,run,20261002,427C46EBDFCB2DE7
23,1073741824,1073741824,65408,65508,3,0,542,196668,3,4,1073741824,run,20261002,9D5A2F26E6D7EC9B
24,1073741824,1073741824,65228,66141,2,0,528,197182,2,1,1073741824,run,20261002,77342D845A8458C6
25,1073741824,1073741824,64883,65590,3,0,538,195692,3,2,1073741824,run,20261002,BED4DF2C979AF81B
26,1073741824,1073741824,65770,66191,7,0,555,197640,7,3,1073741824,run,20261002,8D6364B3A96665B4
27,1073741824,1073741824,65401,65692,5,0,546,196620,5,3,1073741824,run,20261002,8FDEDAB167514DBD
28,1073741824,1073741824,64916,64878,2,0,526,195438,2,6,1073741824,run,20261002,69214B9CAEE57D55
29,1073741824,1073741824,65432,65140,3,0,541,196359,3,1,1073741824,run,20261002,F557A416CCA6ABF3
30,1073741824,1073741824,65813,65752,5,0,524,197407,5,4,1073741824,run,20261002,796F5B88AF835548
31,1073741824,1073741824,65226,64950,4,0,540,195941,4,3,1073741824,run,20261002,2CD99F4DB629FC85
32,1073741824,1073741824,65127,65729,3,0,555,196558,3,4,1073741824,run,20261002,7548EDAA3749A217
33,1073741824,1073741824,65703,65652,3,0,548,196934,3,4,1073741824,run,20261002,7815889DAC5AAB2E
34,1073741824,1073741824,65194,65388,5,0,528,196148,5,5,1073741824,run,20261002,93E1CD78A77BAB3D
35,1073741824,1073741824,65512,64672,1,0,542,195834,1,5,1073741824,run,20261002,F1EC7E6A1B19EB13
36,1073741824,1073741824,65415,65378,3,0,525,196093,3,4,1073741824,run,20261002,D38D53FF845B5482
37,1073741824,1073741824,65069,65404,4,0,546,195990,4,5,1073741824,run,20261002,D9CBBA9F7133EF6B
38,1073741824,1073741824,65227,65974,2,0,547,196621,2,5,1073741824,run,20261002,EE62FA3261BD799C
39,1073741824,1073741824,64793,65362,1,0,551,196052,1,2,1073741824,run,20261002,2A18AFF1C643716C
40,1073741824,1073741824,65508,65612,3,0,528,196662,3,1,1073741824,run,20261002,96A412E8B32C31BA
41,1073741824,1073741824,65039,65705,2,0,539,196075,2,2,1073741824,run,20261002,518AE46588A9FF37
42,1073741824,1073741824,65432,65272,2,0,526,195921,2,2,1073741824,run,20261002,E2A56718CC61A6E5
43,1073741824,1073741824,66500,65013,1,0,539,197292,1,4,1073741824,run,20261002,69C79974C568D42D
44,1073741824,1073741824,65299,65602,5,0,554,196487,5,3,1073741824,run,20261002,917C3B6C79BBAE1D
45,1073741824,1073741824,65653,65468,4,0,552,196351,4,3,1073741824,run,20261002,6636B8E77882E48A
46,1073741824,1073741824,65439,66164,2,0,530,196725,2,5,1073741824,run,20261002,559AB2A1F98C5F35
47,1073741824,1073741824,66058,66235,5,0,540,197959,5,7,1073741824,run,20261002,221A93719523729F
48,1073741824,1073741824,65612,65806,3,0,526,196855,3,1,1073741824,run,20261002,6723EEEA7193EFFD
49,1073741824,1073741824,64404,65527,3,0,542,195431,3,6,1073741824,run,20261002,17BCA7169313E7E3
50,1073741824,1073741824,64853,65689,4,0,555,195682,4,5,1073741824,run,20261002,D823D677D4F46A82
51,1073741824,1073741824,65805,65756,3,0,552,196996,3,2,1073741824,run,20261002,1E7955353EFC9949
52,1073741824,1073741824,65431,65572,3,0,526,197164,3,6,1073741824,run,20261002,C9D3B38B2D9ACABB
53,1073741824,1073741824,65459,65855,3,0,537,196287,3,4,1073741824,run,20261002,CAFA6CFC8FD2B13E
54,1073741824,1073741824,65433,65801,1,0,523,196658,1,3,1073741824,run,20261002,31827B9CBC9F5FFA
55,1073741824,1073741824,66035,65692,3,0,546,197529,3,4,1073741824,run,20261002,3DEE57EC91B6FCC9
56,1073741824,1073741824,65369,65830,1,0,557,196710,1,0,1073741824,run,20261002,C3E8F18C33B3198B
57,1073741824,1073741824,65694,65708,1,0,548,196813,1,5,1073741824,run,20261002,F24FFE77283F65BC
58,1073741824,1073741824,65605,64707,3,0,528,195751,3,7,1073741824,run,20261002,848BACB9A1D3ADEB
59,1073741824,1073741824,65666,65774,6,0,539,196764,6,9,1073741824,run,20261002,4293E6C4D3B9E246
60,1073741824,1073741824,65932,65799,3,0,524,197412,3,2,1073741824,run,20261002,29E4B657C63F62EF
61,1073741824,1073741824,65647,65052,5,0,538,195973,5,1,1073741824,run,20261002,BFF86C47551628F9
62,1073741824,1073741824,65221,65436,3,0,555,195712,3,4,1073741824,run,20261002,D98F1E16C6D22B46
63,1073741824,1073741824,65768,65216,5,0,545,196569,5,2,1073741824,run,20261002,9B7CF6DC712AD85B
64,1073741824,1073741824,65023,65693,2,0,526,195646,2,5,1073741824,run,20261002,722926CE9CE65442
65,1073741824,1073741824,64762,65653,3,0,543,196127,3,3,1073741824,run,20261002,33C5785FA3622857
66,1073741824,1073741824,65752,65375,2,0,524,196751,2,4,1073741824,run,20261002,FCC565817EC113A1
67,1073741824,1073741824,65195,65336,4,0,539,196037,4,2,1073741824,run,20261002,4F122A2FE22D57A9
68,1073741824,1073741824,64973,65686,4,0,556,196275,4,5,1073741824,run,20261002,9F4DCAE45FC6A88D
69,1073741824,1073741824,65152,65428,3,0,546,196057,3,4,1073741824,run,20261002,EEBDAA9B74156821
70,1073741824,1073741824,65500,65958,3,0,529,196886,3,4,1073741824,run,20261002,5AFF214374D33179
71,1073741824,1073741824,65711,65290,0,0,539,196628,0,2,1073741824,run,20261002,FEAA83F55EE58423
72,1073741824,1073741824,65175,65616,1,0,527,196491,1,4,1073741824,run,20261002,5F79D1EE4E7E46DE
73,1073741824,1073741824,65615,65346,1,0,543,196262,1,2,1073741824,run,20261002,35B8FCB2287D1E42
74,1073741824,1073741824,65520,65834,4,0,553,196827,4,5,1073741824,run,20261002,126AD18937CC5576
75,1073741824,1073741824,65148,64910,4,0,547,195961,4,5,1073741824,run,20261002,36514C677666B3DD
76,1073741824,1073741824,65222,66015,3,0,527,196947,3,4,1073741824,run,20261002,DAF5AF9EA28EA6EA
77,1073741824,1073741824,65573,66014,5,0,539,197365,5,4,1073741824,run,20261002,AF714D23E6DF9F43
78,1073741824,1073741824,65430,65089,4,0,524,196299,4,2,1073741824,run,20261002,6B7B3E9B2E1464F6
79,1073741824,1073741824,65797,66099,2,0,358,197638,2,3,1073741824,run,20261002,AB72A16416B78955
80,1073741824,1073741824,64848,66122,7,0,538,196694,7,4,1073741824,run,20261002,A3A3EC36E8A3A682
81,1073741824,1073741824,65409,66274,3,0,548,197008,3,2,1073741824,run,20261002,DF2858F47CED7671
82,1073741824,1073741824,64874,66440,2,0,547,196784,2,3,1073741824,run,20261002,D81D5B27EA3F9345
83,1073741824,1073741824,65738,65903,4,0,526,196596,4,0,1073741824,run,20261002,8B7BFF2DDB6B995A
84,1073741824,1073741824,65730,64970,4,0,535,196363,4,4,1073741824,run,20261002,E2FACB763F333AC4
85,1073741824,1073741824,65391,65045,4,0,529,196184,4,2,1073741824,run,20261002,7B2A76C6259CB468
86,1073741824,1073741824,66099,64992,3,0,361,196144,3,3,1073741824,run,20261002,FC5149532AE411E6
87,1073741824,1073741824,65517,65691,6,0,544,196944,6,1,1073741824,run,20261002,BA8A6B62E7F8FE7B
88,1073741824,1073741824,65179,65631,1,0,556,196516,1,4,1073741824,run,20261002,C39199C452295BCB
89,1073741824,1073741824,65020,65180,6,0,552,195366,6,2,1073741824,run,20261002,FFB8AE45CA2324C3
90,1073741824,1073741824,65373,65493,6,0,526,196598,6,3,1073741824,run,20261002,BD1D4B8B86619A91
91,1073741824,1073741824,65370,65403,6,0,539,195860,6,3,1073741824,run,20261002,2D6962589EE4F4D8
92,1073741824,1073741824,65885,65955,1,0,524,197151,1,2,1073741824,run,20261002,1955C8F2975FF9A7
93,1073741824,1073741824,66001,66003,1,0,357,197459,1,4,1073741824,run,20261002,6DD573C668977D47
94,1073741824,1073741824,65672,65746,4,0,538,197035,4,4,1073741824,run,20261002,75598A5E345B5C45
95,1073741824,1073741824,65917,66027,2,0,550,197752,2,3,1073741824,run,20261002,D95373E9D63F9A43
96,1073741824,1073741824,65796,65325,2,0,547,196747,2,3,1073741824,run,20261002,1BB8B8D31DE44B42
97,1073741824,1073741824,66098,65620,2,0,528,197300,2,1,1073741824,run,20261002,E4C623ADAEB7219B
98,1073741824,1073741824,65510,66068,2,0,542,197580,2,5,1073741824,run,20261002,1B9FB54BBB4C4486
99,1073741824,1073741824,65391,65652,2,0,524,196865,2,1,1073741824,run,20261002,1B973B6D2F37422C
100,1073741824,1073741824,65525,66094,2,0,358,197759,2,2,1073741824,run,20261002,675EFB48669B6DE4
